PRECISION	RECALL	F1
0.861326425983	0.962196382147	0.908969554063
