k	RMSE	MAE
2	1.12180653449	0.9321781938
5	1.06907690615	0.911376710225
10	1.05651633705	0.906419171014
