k	RMSE	MAE
2	1.03861316091	0.891666093891
5	0.953219491869	0.858894663488
10	0.927686860099	0.84912677852
20	0.925781190459	0.848556980714
