k	RMSE	MAE
2	1.31011423427	0.0472262968164
5	1.28942588661	0.0579124136044
10	1.28104167049	0.0669279578214
20	1.28104167049	0.0669279578214
