k	RMSE	MAE
2	1.31902013756	0.050936033694
5	1.29742469015	0.0664519319252
10	1.28850931223	0.0693835231962
