k	RMSE	MAE
2	1.31661438969	0.072379459308
5	1.27379375433	0.0783159070827
10	1.26296841408	0.0697117550293
