k	RMSE	MAE
2	1.33577094664	0.0599974832278
5	1.31600931752	0.0676025264275
10	1.29538148354	0.0741895590977
