k	RMSE	MAE
2	1.82001396765	1.19320835689
5	1.80748007017	1.18691832111
10	1.81068754155	1.18844671815
20	1.81687967375	1.19309438476
