k	RMSE	MAE
2	1.30229241521	0.980513751285
5	1.28126502067	0.967586509131
10	1.27185435719	0.962520897155
20	1.27245402215	0.962901043522
