k	RMSE	MAE
2	1.16823095795	0.945687391882
5	1.09044468921	0.906347658098
10	1.06843655465	0.89362571042
20	1.0571613646	0.887461385382
