k	RMSE	MAE
2	1.08714322137	0.898041177386
5	1.03153419078	0.872503570926
10	1.01272201447	0.863870162892
20	1.00804420811	0.86117097538
