RMSE	MAE
1.45203694084	1.06326863586