k	RMSE	MAE
2	1.77714901322	1.17651287037
5	1.77184851505	1.17203227421
10	1.76820542247	1.16985358944
20	1.76850763294	1.17085183525
