k	RMSE	MAE
2	1.77918323852	1.17623580119
5	1.77180757245	1.17229375
10	1.77053550033	1.1715956272
20	1.77157549987	1.17268715767
