k	RMSE	MAE
2	1.07631287559	0.891825730034
5	1.01274205473	0.864211706343
10	0.99219747442	0.854789460153
20	0.986265189816	0.851864650414
