k	RMSE	MAE
2	1.8172618941	1.19233956671
5	1.8139940456	1.19041360758
10	1.82601853082	1.19490282104
20	1.83491461997	1.20196516164
