k	RMSE	MAE
2	1.06444277713	0.885259837967
5	1.00730734546	0.859990899279
10	0.990219398987	0.852342789775
20	0.987409205269	0.851206923234
