RMSE	MAE
2.66088785646	1.56841531741