k	RMSE	MAE
2	1.31902013756	0.989688840505
5	1.29742469015	0.975901339864
10	1.28850931223	0.970974913822
20	1.28895372929	0.97115921574
