k	RMSE	MAE
2	1.81614676839	1.18957728574
5	1.81158439273	1.18800806901
10	1.81122540624	1.18877100483
20	1.81221813725	1.19088913254
