k	RMSE	MAE
2	1.30984455412	0.983734775226
5	1.28820084907	0.970673588727
10	1.2792704725	0.965992359798
20	1.28024854867	0.966570185192
