k	RMSE	MAE
2	1.11938747886	0.916616435801
5	1.05614564723	0.887687170497
10	1.03675910682	0.878141569586
20	1.03007421076	0.874883944541
