RMSE	MAE
1.02609440714	0.891256104934