RMSE	MAE
1.19623889076	0.960983497119