k	RMSE	MAE
2	1.79311733731	1.18516255137
5	1.78409041613	1.17928983196
10	1.78084739404	1.17768145256
20	1.78383376365	1.17994108407
