RMSE	MAE
1.30752237548	1.01617752034